source_asset_id,data_source,asset_name,asset_type,Latitude,Longitude
1835960828,Climate TRACE,Environmental Complex Norte Iii,Sanitary Landfills,-34.5438228657023,-58.6069107055664
1835960830,Climate TRACE,River Birch Landfill,Sanitary Landfills,29.932,-90.258
1835960831,Climate TRACE,Bridgeway Acres Lf,Sanitary Landfills,27.867647,-82.6757
1835960700,Climate TRACE,"Sampson County Disposal, Llc",Sanitary Landfills,34.982,-78.457
1835960838,Climate TRACE,"Villa Hermosa, La Romana, Dominican Republic, Site 1",Dumpsites,18.465839416048833,-69.10379275063562
1835960701,Climate TRACE,Olushosun,Dumpsites,6.59272532,3.378510475
1835960702,Climate TRACE,"Rajarathinam Colony, Cmwssb Division 37, Ward 37, Zone 4 Tondiarpet, Chennai, Chennai District, Tamil Nadu, 600001, India",Dumpsites,13.137487038937492,80.26958850803717
1835960717,Climate TRACE,Jardim Gramacho,Dumpsites,-22.7489058,-43.2589781
1835960719,Climate TRACE,"Kanjurmarg East, Zone 6, Mumbai, Mumbai Metropolitan Region, Thane, Mumbai Suburban, Maharashtra, 400059, India",Dumpsites,19.12538652244609,72.95175376301363
1835960859,Climate TRACE,Cherry Island Landfill,Sanitary Landfills,39.7308,-75.52
1835960724,Climate TRACE,La Duquesa,Dumpsites,18.560897,-69.968022
1835960726,Climate TRACE,"Avenida Capitan Zafrane, Parroquia Los Tacariguas, Municipio Girardot, Aragua State, 1203, Venezuela",Dumpsites,10.237612707374808,-67.64723509529188
1835960865,Climate TRACE,Belgrade,Sanitary Landfills,44.7853175,20.5953019
1835960731,Climate TRACE,Pbcswa Rrf Site #7,Sanitary Landfills,26.763,-80.137436
1835960870,Climate TRACE,Sharra Landfill,Sanitary Landfills,41.2967919100556,19.7607618570327
1835960733,Climate TRACE,Environmental Complex Norte Iii C Module,Sanitary Landfills,-34.5239543249044,-58.6151075363159
1835960875,Climate TRACE,"Oued Ennil, El Bouni, El Bouni District, Annaba, 23204, Algeria",Dumpsites,36.8187231504321,7.623012362898076
1835960876,Climate TRACE,"Parroquia Los Tacariguas, Municipio Girardot, Aragua State, 1203, Venezuela",Dumpsites,10.238041745577377,-67.6451425425795
1835960879,Climate TRACE,"Parroquia La Concepción, Municipio Jesús Enrique Lossada, Zulia State, Venezuela, Site 1",Dumpsites,10.622744871596868,-71.78617100016623
1835960882,Climate TRACE,"Batey Alemán, San Pedro De Macorís, Dominican Republic, Site 1",Dumpsites,18.481105165822825,-69.23339647411994
1835960750,Climate TRACE,Spsa Regional Landfill,Sanitary Landfills,36.76,-76.51
1835960893,Climate TRACE,Cet Berka Zerga,Sanitary Landfills,36.8147148669695,7.63236645459822
1835960759,Climate TRACE,Ghazipur,Dumpsites,28.624698,77.327405
1835960900,Climate TRACE,Abilene Regional Landfill,Sanitary Landfills,32.535,-99.7535
1835960763,Climate TRACE,Champ Landfill,Sanitary Landfills,38.743,-90.46
1835960910,Climate TRACE,"Iju Junction, Ifako/Ijaye, Lagos, Nigeria",Dumpsites,6.649653099288444,3.318576950423366
1835960911,Climate TRACE,Environmental Complex Norte Iii A Module,Sanitary Landfills,-34.5334295941105,-58.6148071289062
1835960915,Climate TRACE,Honey-Go-Run Reclamation,Sanitary Landfills,39.39383,-76.42418
1835960781,Climate TRACE,Winnebago Landfill,Sanitary Landfills,42.1597,-89.0554
1835960919,Climate TRACE,Fairless Landfill,Sanitary Landfills,40.151865,-74.758443
1835960920,Climate TRACE,Grows Landfill,Sanitary Landfills,40.159344,-74.776695
1835960925,Climate TRACE,Kodungaiyur,Dumpsites,13.13435818,80.26847362
1835960928,Climate TRACE,"Kemal Atatürk Mahallesi, Foça, Izmir, Aegean Region, 35680, Turkey",Dumpsites,38.667037249025,26.902946023563462
1835960791,Climate TRACE,Solous 2,Dumpsites,6.5709916,3.2538026
1835960792,Climate TRACE,Vinca,Dumpsites,44.786406,20.599512
1835960797,Climate TRACE,Ellis County Lf,Sanitary Landfills,32.391668,-96.655834
1835960939,Climate TRACE,Woodland Meadows Landfill,Sanitary Landfills,42.2652,-83.4315
1835960947,Climate TRACE,Orchard Hills Landfill Inc.,Sanitary Landfills,42.14322,-89.0769
1835960951,Climate TRACE,Environmental Complex Norte Iii B Module,Sanitary Landfills,-34.5326518141228,-58.6206436157226
1835960813,Climate TRACE,"Avşa, Marmara, Balıkesir, Marmara Region, 10940, Turkey, Site 1",Dumpsites,40.50665888916707,27.51129304583803
1835960817,Climate TRACE,"35-82, Kemal Atatürk Mahallesi, Foça, Izmir, Aegean Region, 35680, Turkey",Dumpsites,38.666107630149185,26.905528298218513
1835960965,Climate TRACE,South Wake Lf (New),Sanitary Landfills,35.675,-78.85
1835960968,Climate TRACE,"Rajkot, Rajkot Taluka, Rajkot, Gujarat, 360001, India, Site 1",Dumpsites,22.256442897543693,70.75735763632122
1835960977,Climate TRACE,West Miramar Slf,Sanitary Landfills,32.856,-117.162
1835961118,Climate TRACE,"Batey Alemán, San Pedro De Macorís, Dominican Republic, Site 2",Dumpsites,18.48184586194786,-69.2320925403165
1835961122,Climate TRACE,Sauk Trail Hills Landfill,Sanitary Landfills,42.2744,-83.4563
1835961126,Climate TRACE,Tuscarora Long-Term Regional Landfill,Sanitary Landfills,35.16296,-77.22612
1835961131,Climate TRACE,"Avşa, Marmara, Balıkesir, Marmara Region, 10940, Turkey, Site 2",Dumpsites,40.51011779476193,27.51642899656979
1835960994,Climate TRACE,"Barang, Cuttack, Odisha, 754006, India",Dumpsites,20.415112816719105,85.77673018979822
1835961139,Climate TRACE,"Tamontaka 3, Cotabato City, Bangsamoro, Philippines, Site 1",Dumpsites,7.185809556356108,124.27339337630873
1835961003,Climate TRACE,Moca Landfill,Sanitary Landfills,18.414632,-67.116116
1835961151,Climate TRACE,"Agboju, Amuwo Odofin, Lagos, 071639, Nigeria, Site 1",Dumpsites,6.460182308978427,3.283417717345212
1835961012,Climate TRACE,"Cmwssb Division 6, Ward 6, Zone 1 Tiruvottiyur, Mathavaram, Thiruvallur District, Tamil Nadu, 600019, India",Dumpsites,13.156625184350965,80.28671691980341
1835961016,Climate TRACE,"İzmir Serbest Bölgesi, Menemen, Izmir, Aegean Region, 35660, Turkey, Site 1",Dumpsites,38.61221901160199,26.93179248260072
1835961166,Climate TRACE,Bantar Gebang,Dumpsites,-6.347886,106.997008
1835961027,Climate TRACE,Dfw Recycling & Disposal Facility,Sanitary Landfills,33.01615,-96.96316
1835961036,Climate TRACE,"Kedaung Baru, Neglasari, Tangerang, Banten, 15127, Indonesia, Site 1",Dumpsites,-6.13562122943018,106.61861995186658
1835961038,Climate TRACE,"Chandaka, Khordha, Odisha, 754005, India",Dumpsites,20.3908902966556,85.78669868843974
1835961182,Climate TRACE,"2Nd Avenue, Festac Town, Amuwo Odofin, Lagos, 071639, Nigeria",Dumpsites,6.459197423960257,3.272563882451074
1835961043,Climate TRACE,"Yunus Mah., Burhaniye, Balıkesir, Marmara Region, 10700, Turkey",Dumpsites,39.480090144777485,26.99002770778783
1835961052,Climate TRACE,Hunter Ferrell Landfill,Sanitary Landfills,32.7839,-96.9389
1835961194,Climate TRACE,"İzmir Serbest Bölgesi, Menemen, Izmir, Aegean Region, 35660, Turkey, Site 2",Dumpsites,38.61466836379242,26.92286385216726
1835961056,Climate TRACE,San Javier Iii,Sanitary Landfills,-24.85415898856,-65.38090467453
1835961063,Climate TRACE,"Parroquia La Concepción, Municipio Jesús Enrique Lossada, Zulia State, Venezuela, Site 2",Dumpsites,10.632283494959546,-71.785353403878
1835961070,Climate TRACE,Middlesex County Lf,Sanitary Landfills,40.4688,-74.3961
1835961077,Climate TRACE,White Oaks Landfill,Sanitary Landfills,32.49697,-91.98176
1835961100,Climate TRACE,"Oke Eri Street, Oworonṣoki, Kosofe, Lagos, 100234, Nigeria",Dumpsites,6.554022276646146,3.405641328654843
1835961382,Climate TRACE,National Serv-All Lf,Sanitary Landfills,41.03109,-85.21634
1835961250,Climate TRACE,City Of Grand Prairie Lf,Sanitary Landfills,32.77166,-96.95
1835961391,Climate TRACE,"Vila Chatuba, Jardim Gramacho, Duque De Caxias, Região Geográfica Imediata Do Rio De Janeiro, Região Metropolitana Do Rio De Janeiro, Região Geográfica Intermediária Do Rio De Janeiro, Rio De Janeiro, Southeast Region, 25056-250, Brazil",Dumpsites,-22.749924917660607,-43.27213416572416
1835961405,Climate TRACE,"Shill Phata, Thane, Mumbai Metropolitan Region, Thane, Maharashtra, 410701, India",Dumpsites,19.14519966340327,73.03758255801687
1835961410,Climate TRACE,"Suka Sari, Tangerang Regency, Banten, 15540, Indonesia",Dumpsites,-6.112935708571936,106.5562782178057
1835961271,Climate TRACE,Camelot Landfill,Sanitary Landfills,33.029167,-96.951
1835961412,Climate TRACE,Quad Cities Landfill Phase Iv,Sanitary Landfills,41.379843,-90.510288
1835961434,Climate TRACE,"Nh548B, Vijayapura, Vijayapura Taluk, Bijapur District, Karnataka, 586101, India",Dumpsites,16.854435747739522,75.74627959127537
1835961436,Climate TRACE,"Suka Tani, Tangerang Regency, Banten, 15540, Indonesia, Site 1",Dumpsites,-6.139401821632055,106.5084038139833
1835961437,Climate TRACE,Oakland Heights Development Landfill,Sanitary Landfills,42.70846,-83.24873
1835961300,Climate TRACE,Columbus Pine Grove Mswlf,Sanitary Landfills,32.483999,-84.850799
1835961448,Climate TRACE,Eastern Sanitary Landfill Solid Waste Management Facility (Esl),Sanitary Landfills,39.3948,-76.3964
1835961317,Climate TRACE,Front Range Landfill,Sanitary Landfills,40.020405,-105.012673
1835961457,Climate TRACE,"Compost Yard-Vellalore, Podanur Road, Ward 99, South Zone, Podanur, Coimbatore South, Coimbatore District, Tamil Nadu, 641038, India",Dumpsites,10.959247996835435,77.00205150995582
1835961458,Climate TRACE,"Malegaon, Nashik, Maharashtra, 423200, India, Site 1",Dumpsites,20.5659205178457,74.56036847896002
1835961321,Climate TRACE,Eagle Valley Rdf,Sanitary Landfills,42.72265,-83.25478
1835961324,Climate TRACE,Disposal Service Inc. Landfill,Sanitary Landfills,38.405,-82.019
1835961464,Climate TRACE,"Tanjung Langsat Industrial Complex, Pasir Gudang, Johor Bahru, Iskandar Malaysia, Johor, 81700, Malaysia, Site 1",Dumpsites,1.473095026488922,103.99392630223713
1835961469,Climate TRACE,"Courtney Ridge Landfill, Llc",Sanitary Landfills,39.141087,-94.388472
1835961330,Climate TRACE,"Mathura Das Pura, Jamwa Ramgarh Tehsil, Jaipur, Rajasthan, 302027, India, Site 1",Dumpsites,26.94736109312273,75.91788813646701
1835961473,Climate TRACE,"Sattur, Virudhunagar District, Tamil Nadu, 626205, India",Dumpsites,9.240142004701015,77.88546670593885
1835961342,Climate TRACE,"Nh44, Sadaiyampatti, Sattur, Virudhunagar District, Tamil Nadu, 626205, India",Dumpsites,9.258774950969705,77.90259112802389
1835961346,Climate TRACE,"Villa Hermosa, La Romana, Dominican Republic, Site 2",Dumpsites,18.465976089717607,-69.10359611690569
1835961347,Climate TRACE,Salt Lake Valley Lf,Sanitary Landfills,40.746,-112.042
1835961368,Climate TRACE,"Xibin, Jinjiang City, Quanzhou, Fujian, China, Site 1",Dumpsites,24.81436656322773,118.62740846342989
1835961374,Climate TRACE,Pirana,Dumpsites,22.98022411,72.567336559
1835961524,Climate TRACE,"Kedaung Baru, Neglasari, Tangerang, Banten, 15127, Indonesia, Site 2",Dumpsites,-6.124393787015471,106.6174736343418
1835961528,Climate TRACE,"Wanaherang, West Java, 16965, Indonesia",Dumpsites,-6.434352854396535,106.95034749311114
1835961541,Climate TRACE,"Aranyaprathet, Fak Huai, Sa Kaeo Province, 27121, Thailand, Site 1",Dumpsites,13.668211321991539,102.52840430734861
1835961545,Climate TRACE,Ecd Landfill,Sanitary Landfills,32.391,-96.6526
1835961686,Climate TRACE,"S51, Beichen District, Ninghe County, Tianjin, China",Dumpsites,39.254553816630505,117.39068036651818
1835961550,Climate TRACE,"Suka Tani, Tangerang Regency, Banten, 15540, Indonesia, Site 2",Dumpsites,-6.142290508428703,106.50823312710557
1835961553,Climate TRACE,"Agboju, Amuwo Odofin, Lagos, 071639, Nigeria, Site 2",Dumpsites,6.460725000723134,3.296170973345824
1835961695,Climate TRACE,Jefferson Parish Slf,Sanitary Landfills,29.926,-90.254
1835961698,Climate TRACE,"Gbagada, Kosofe, Lagos, 100271, Nigeria",Dumpsites,6.55635470412378,3.372334580474065
1835961702,Climate TRACE,"Kazım Karabekir, Ayvalık, Balıkesir, Marmara Region, 10400, Turkey",Dumpsites,39.30325076341169,26.703865452103695
1835961567,Climate TRACE,"Tanjakan Mekar, Tangerang Regency, Banten, 15540, Indonesia",Dumpsites,-6.10051562993279,106.54357871850377
1835961594,Climate TRACE,"Rizal, Calabarzon, 1860, Philippines",Dumpsites,14.777051599538986,121.15703403106977
1835961599,Climate TRACE,Meethotamulla,Dumpsites,6.936843,79.890083
1835961739,Climate TRACE,"Market, Benstar Crescent, Kirikiri, Alapako, Amuwo Odofin, Lagos, 071639, Nigeria",Dumpsites,6.452892149874532,3.289007442315692
1835961600,Climate TRACE,"Pirana Sewage Treatment Plant, Narol Sarkhej Road, Isanpur, Piplaj, Ahmedabad City Taluka, Ahmedabad District, Gujarat, 382405, India",Dumpsites,22.971331319885724,72.55103693230062
1835961747,Climate TRACE,"Mathura Das Pura, Jamwa Ramgarh Tehsil, Jaipur, Rajasthan, 302027, India, Site 2",Dumpsites,26.955230477607483,75.94105025193427
1835961608,Climate TRACE,"Aranyaprathet, Fak Huai, Sa Kaeo Province, 27121, Thailand, Site 2",Dumpsites,13.668674361665142,102.52898310694064
1835961609,Climate TRACE,"Los Cazabes, Santo Domingo Norte, Santo Domingo, 201, Dominican Republic",Dumpsites,18.566385699367476,-69.96468229499585
1835961749,Climate TRACE,"Ifako/Ijaye, Lagos, Nigeria",Dumpsites,6.657646152123665,3.353785136354277
1835961756,Climate TRACE,"Jako-Petedo, Ado Odo/Ota, Ogun, Nigeria",Dumpsites,6.501001607051792,3.083699486485361
1835961619,Climate TRACE,"Tanjung Langsat Industrial Complex, Pasir Gudang, Johor Bahru, Iskandar Malaysia, Johor, 81700, Malaysia, Site 2",Dumpsites,1.472648413363123,103.9943325891415
1835961623,Climate TRACE,"Tamontaka 3, Cotabato City, Bangsamoro, Philippines, Site 2",Dumpsites,7.190424756763252,124.27601770595201
1835961773,Climate TRACE,"Pangadegan, Tangerang Regency, Banten, 16551, Indonesia",Dumpsites,-6.135471110007818,106.56467632277385
1835961634,Climate TRACE,"Ifo, Ogun, 100581, Nigeria",Dumpsites,6.657164960207177,3.357474909142928
1835961777,Climate TRACE,"Thane, Dombivali, Mumbai Metropolitan Region, Thane, Maharashtra, 400612, India",Dumpsites,19.175385775735684,73.03852794660779
1835961785,Climate TRACE,"Idimu, Alimosho, Lagos, Nigeria",Dumpsites,6.564398096774376,3.25293359670195
1835961646,Climate TRACE,Spsa Regional Lf,Sanitary Landfills,36.759,-76.522
1835961656,Climate TRACE,"Nagpur Urban Taluka, Nagpur District, Maharashtra, 440035, India",Dumpsites,21.141554090028684,79.15243988501742
1835961803,Climate TRACE,Division Of Wildlife Resources Leekay Landfill,Sanitary Landfills,40.73,-112.03
1835961955,Climate TRACE,"Jalan Kampung Belakang, Rw 03, Kamal, Kalideres, West Jakarta, Jakarta Special Capital Region, 15125, Indonesia",Dumpsites,-6.097217749050971,106.69259081087918
1835961959,Climate TRACE,"Ring Road -2, Rajkot, Rajkot Taluka, Rajkot, Gujarat, 360001, India",Dumpsites,22.264507699758827,70.74843733216444
1835961820,Climate TRACE,Austin Community Rdf,Sanitary Landfills,30.34522,-97.61395
1835961969,Climate TRACE,"Shill Phata, Thane, Mumbai Metropolitan Region, Thane, Maharashtra, 400612, India, Site 1",Dumpsites,19.151928713442164,73.04094749906487
1835961986,Climate TRACE,"Sarakan, Tangerang Regency, Banten, 16551, Indonesia",Dumpsites,-6.110693805462869,106.58189301294622
1835961994,Climate TRACE,"Isolo, Oshodi/Isolo, Lagos, Nigeria",Dumpsites,6.529851638109835,3.318014714566506
1835962003,Climate TRACE,Westmoreland Waste Slf Llc,Sanitary Landfills,40.1443,-79.8593
1835961876,Climate TRACE,"Antipolo, Rizal, Calabarzon, 1870, Philippines, Site 1",Dumpsites,14.608567828111102,121.23501069786266
1835962020,Climate TRACE,"Kalijaya, West Java, 17520, Indonesia",Dumpsites,-6.260469341540824,107.13058131892831
1835962021,Climate TRACE,"Sumurbatu, West Java, 17320, Indonesia",Dumpsites,-6.349519967208123,107.0205533161786
1835961891,Climate TRACE,"Ijoko, Shagamu, Ogun, 110271, Nigeria",Dumpsites,6.840596405880376,3.636715794649791
1835962046,Climate TRACE,"Rajkot, Rajkot Taluka, Rajkot, Gujarat, 360001, India, Site 5",Dumpsites,22.28430013197925,70.79097359316951
1835961907,Climate TRACE,"Bhavnagar, Bhavnagar Taluka, Bhavnagar District, Gujarat, 364001, India, Site 1",Dumpsites,21.78194839305561,72.1335323425576
1835962050,Climate TRACE,Emerald Park Landfill Llc,Sanitary Landfills,42.851,-88.0745
1835962053,Climate TRACE,All Purpose Landfill,Sanitary Landfills,37.41,-121.97
1835962061,Climate TRACE,"Küçükköy, Ayvalık, Balıkesir, Marmara Region, 10400, Turkey",Dumpsites,39.30551713478464,26.696191565199992
1835961924,Climate TRACE,"University Of Lagos, Olaboye Olaleye Street, Iwaya, Lagos Mainland, Lagos, Yaba, Nigeria",Dumpsites,6.513848457239913,3.392581393584557
1835961926,Climate TRACE,San Javier Ii,Sanitary Landfills,-24.8513162957351,-65.3837156295776
1835961927,Climate TRACE,San Javier I,Sanitary Landfills,-24.85104370532,-65.37899494171
1835961928,Climate TRACE,Bhalswa,Dumpsites,28.74041964,77.15741158
1835962072,Climate TRACE,"Suka Tani, Tangerang Regency, Banten, 15560, Indonesia, Site 1",Dumpsites,-6.149472416585328,106.51581352762642
1835961933,Climate TRACE,"Pinalagad, Malinta, 1St District, Valenzuela, Northern Manila District, Metro Manila, 1478, Philippines",Dumpsites,14.681369185879998,120.96673113758439
1835961937,Climate TRACE,"Rajkot, Rajkot Taluka, Rajkot, Gujarat, 360001, India, Site 4",Dumpsites,22.286192249150584,70.83615521689858
1835962089,Climate TRACE,Green Island Landfill,Sanitary Landfills,-45.9063165722781,170.411802157759
1835962240,Climate TRACE,"Kuda Buthgamuwa, Kotikawatte, Colombo District, Western Province, 10600, Sri Lanka",Dumpsites,6.933749901428752,79.9134757611163
1835962107,Climate TRACE,Feltonsville Sanitary Landfill,Sanitary Landfills,35.682,-78.85
1835962250,Climate TRACE,Toytown Slf,Sanitary Landfills,27.88,-82.65
1835962251,Climate TRACE,"West Java, 16965, Indonesia",Dumpsites,-6.446267740223026,106.9346080084362
1835962125,Climate TRACE,"Jalan Tol Gempol–Pasuruan, Sidowayah, Pasuruan, East Java, 67154, Indonesia",Dumpsites,-7.609331619436174,112.75784688765404
1835962266,Climate TRACE,"Antipolo, Rizal, Calabarzon, 1870, Philippines, Site 2",Dumpsites,14.60887934113598,121.23015475953375
1835962271,Climate TRACE,"Carretera San Benito - San Francisco, San Benito, Petén, Guatemala",Dumpsites,16.88869503157463,-89.91235519588042
1835962286,Climate TRACE,"Alaiyabiagba, Ajeromi/Ifelodun, Lagos, 071639, Nigeria",Dumpsites,6.455321911067586,3.319226887999481
1835962302,Climate TRACE,"Godhra, Godhra Taluka, Panch Mahal District, Gujarat, 389001, India, Site 1",Dumpsites,22.75059841429218,73.58781440228532
1835962173,Climate TRACE,Fairfield Landfill,Sanitary Landfills,-45.9061217694407,170.404414348304
1835962177,Climate TRACE,"Cumhuriyet Mah., Şarköy, Burhaniye, Balıkesir, Marmara Region, 10700, Turkey",Dumpsites,39.486434414867475,26.973491003782787
1835962319,Climate TRACE,Earthmovers Lf,Sanitary Landfills,41.62324,-85.97372
1835962320,Climate TRACE,"La Vega, 48000, Dominican Republic",Dumpsites,19.25766052983289,-70.52741737259568
1835962185,Climate TRACE,"Ratnagiri, Maharashtra, 415639, India",Dumpsites,16.997081025899533,73.32681779427602
1835962188,Climate TRACE,Morris Community Lf,Sanitary Landfills,41.3716,-88.4026
1835962335,Climate TRACE,"Kedaung Barat, Tangerang Regency, Banten, 15127, Indonesia",Dumpsites,-6.126306126423913,106.60354950542988
1835962339,Climate TRACE,"Alh. Mukaila Str, Ikotun, Alimosho, Lagos, 100263, Nigeria",Dumpsites,6.537040705064101,3.271276689282137
1835962347,Climate TRACE,Ridgeville Site Ii,Sanitary Landfills,43.873,-90.578
1835962356,Climate TRACE,"Rw 11, Pegadungan, Kalideres, West Jakarta, Jakarta Special Capital Region, 11840, Indonesia",Dumpsites,-6.145890779254918,106.70992561183286
1835962218,Climate TRACE,"Suka Tani, Tangerang Regency, Banten, 15540, Indonesia, Site 3",Dumpsites,-6.138345839641321,106.50210631966726
1835962509,Climate TRACE,"Bangunan Belum Terklarifikasi, Jalan Raya Imam Bonjol, Sukadanau, West Java, 17520, Indonesia",Dumpsites,-6.271656141469924,107.12036208189957
1835962380,Climate TRACE,"Meran, Alimosho, Lagos, 2340, Nigeria",Dumpsites,6.638021793361492,3.264049410191757
1835962381,Climate TRACE,"Suka Tani, Tangerang Regency, Banten, 15560, Indonesia, Site 2",Dumpsites,-6.143625786293548,106.51331711315399
1835962384,Climate TRACE,Metro Rdf,Sanitary Landfills,42.84951,-88.065
1835962391,Climate TRACE,"Bettadasanpura, Bangalore South, Bangalore Urban, Karnataka, 560100, India",Dumpsites,12.836841181896773,77.62918830660209
1835962532,Climate TRACE,"Benda, Tangerang, Banten, 15125, Indonesia",Dumpsites,-6.110979290908016,106.68199540517887
1835962393,Climate TRACE,Dyer Boulevard Landfill &Amp;#40;Dyer Park&Amp;#41;,Sanitary Landfills,26.78,-80.12
1835962544,Climate TRACE,"Badu, Barasat - Ii, North 24 Parganas, West Bengal, 700124, India",Dumpsites,22.69162163186333,88.50129819306862
1835962406,Climate TRACE,"Suka Tani, Tangerang Regency, Banten, 15540, Indonesia, Site 4",Dumpsites,-6.149581678912916,106.51016121798524
1835962554,Climate TRACE,"Rw 08, Kapuk, Cengkareng, West Jakarta, Jakarta Special Capital Region, 11720, Indonesia",Dumpsites,-6.144660178298025,106.75343611703666
1835962556,Climate TRACE,"Oshodi/Isolo, Lagos, 100263, Nigeria",Dumpsites,6.555614245009594,3.287573764510285
1835962421,Climate TRACE,Abilene Environmental Landfill,Sanitary Landfills,32.530345,-99.745768
1835962423,Climate TRACE,"Iscon Kaliyabid Road, Bhavnagar, Bhavnagar Taluka, Bhavnagar District, Gujarat, 364001, India",Dumpsites,21.75552875968735,72.1286041032733
1835962424,Climate TRACE,"Rajkot, Rajkot Taluka, Rajkot, Gujarat, 360001, India, Site 6",Dumpsites,22.27264223050958,70.8114802632246
1835962581,Climate TRACE,"Atinuke Atobajaye Crescent, Oshodi/Isolo, Lagos, 100263, Nigeria",Dumpsites,6.510071966782595,3.32315728757278
1835962582,Climate TRACE,"Akute-Oja, Ifo, Ogun, Nigeria",Dumpsites,6.678739087266576,3.374659828780599
1835962443,Climate TRACE,"Surulere, Oke Ira, Surulere, Lagos, Yaba, Nigeria",Dumpsites,6.502496597088481,3.368270940807174
1835962583,Climate TRACE,"Karur - Vangal Road, Karur, Karur District, Tamil Nadu, 639001, India, Site 1",Dumpsites,10.995890750605449,78.09479834194256
1835962590,Climate TRACE,"Kampung Melayu Barat, Tangerang Regency, Banten, 15510, Indonesia",Dumpsites,-6.079960073817442,106.63804495409791
1835962592,Climate TRACE,"Wenrui Ave, Rui'An, Wenzhou, Zhejiang, China",Dumpsites,27.860080110394836,120.68678280357463
1835962455,Climate TRACE,"Balatas, Naga, Camarines Sur, Bicol Region, 4400, Philippines",Dumpsites,13.631995530869197,123.21033670078104
1835962596,Climate TRACE,"Tanjungrejo, Kudus, Central Java, 59321, Indonesia",Dumpsites,-6.77323931736147,110.91009628411744
1835962606,Climate TRACE,"Nagpur Urban Taluka, Nagpur District, Maharashtra, 440008, India",Dumpsites,21.168405362930233,79.15113224246892
1835962609,Climate TRACE,South Hadley Landfill Llc,Sanitary Landfills,42.22,-72.558
1835962481,Climate TRACE,Columbus Schatulga Road Sanitary Lf,Sanitary Landfills,32.5,-84.87
1835962622,Climate TRACE,"Jayachandran Nagar, Medavakkam, Sholinganallur, Tamil Nadu, 600100, India",Dumpsites,12.917218327842152,80.19584014083368
1835962626,Climate TRACE,"New Carmen, Davao City, Davao Region, 8020, Philippines, Site 1",Dumpsites,7.150358928363571,125.55061751058838
1835962496,Climate TRACE,"Anbu Nagar-Podanur, Ward 99, South Zone, Podanur, Coimbatore South, Coimbatore District, Tamil Nadu, 641038, India",Dumpsites,10.955595944259032,77.00967384375637
1835962645,Climate TRACE,Sanitary Lf,Sanitary Landfills,40.1521,-79.8837
1835962648,Climate TRACE,"Jalan Kampung Cayur, Tangerang, Tangerang Regency, Banten, Indonesia",Dumpsites,-6.164281768219096,106.48229581116831
1835962788,Climate TRACE,"Onihale, Ifo, Ogun, Nigeria, Site 2",Dumpsites,6.762969190855846,3.215836360916628
1835962793,Climate TRACE,"Rw 12, Pegadungan, Kalideres, West Jakarta, Jakarta Special Capital Region, 11840, Indonesia",Dumpsites,-6.142909153251146,106.71887527381364
1835962801,Climate TRACE,"津芦线, Dongli District, Tianjin, 300000, China",Dumpsites,39.21433134370143,117.29499544864646
1835962666,Climate TRACE,"Coker, Surulere, Lagos, 071639, Nigeria",Dumpsites,6.462852916865113,3.32039423905685
1835962815,Climate TRACE,"Chendai, Jinjiang City, Quanzhou, Fujian, China",Dumpsites,24.833577750378517,118.63135729167553
1835962833,Climate TRACE,Eastside/Texas,Sanitary Landfills,32.77,-97.26
1835962694,Climate TRACE,"Pimpri-Chinchwad, Haveli, Pune District, Maharashtra, 411026, India",Dumpsites,18.65672042722546,73.85679707527768
1835962843,Climate TRACE,"Godhra, Godhra Taluka, Panch Mahal District, Gujarat, 389001, India, Site 2",Dumpsites,22.72971721802712,73.57356782553562
1835962708,Climate TRACE,"Quarry Road, Salawag, Tibagan, Salawag, Dasmariñas, Cavite, Calabarzon, 4114, Philippines",Dumpsites,14.347032183443782,120.99511947312305
1835962712,Climate TRACE,"Onihale, Ifo, Ogun, Nigeria, Site 1",Dumpsites,6.762313893252934,3.216082588885397
1835962855,Climate TRACE,"Rw 03, Joglo, Kembangan, West Jakarta, Jakarta Special Capital Region, 11640, Indonesia",Dumpsites,-6.215233715062918,106.74816579719484
1835962718,Climate TRACE,"Cmwssb Division 16, Ward 16, Zone 2 Manali, Mathavaram, Thiruvallur District, Tamil Nadu, 600019, India",Dumpsites,13.180933016656121,80.28288474853976
1835962719,Climate TRACE,"Pergudangan Pantai Indah Dadap, Dadap, Tangerang Regency, Banten, 15125, Indonesia",Dumpsites,-6.075589174567799,106.71391667121527
1835962725,Climate TRACE,"Shill Phata, Thane, Mumbai Metropolitan Region, Thane, Maharashtra, 400612, India, Site 2",Dumpsites,19.157207243285505,73.03671966661143
1835962734,Climate TRACE,"Iwaya, Lagos Mainland, Lagos, Yaba, Nigeria",Dumpsites,6.507358320945002,3.394164353656487
1835962880,Climate TRACE,Magnolia Landfill,Sanitary Landfills,32.478,-91.998
1835962741,Climate TRACE,"New Carmen, Davao City, Davao Region, 8020, Philippines, Site 2",Dumpsites,7.149002536172276,125.55215475507185
1835962745,Climate TRACE,"Eko Bridge, Alagbede, Surulere, Lagos, 101001, Nigeria",Dumpsites,6.473344877449573,3.376200615613854
1835962891,Climate TRACE,"Beguru, Begur, Bommanahalli Zone, Bengaluru, Bangalore South, Bangalore Urban, Karnataka, - 560068, India",Dumpsites,12.884660596975076,77.63313146018858
1835962892,Climate TRACE,"Bally, Bally Jagachha, Howrah, West Bengal, 711227, India",Dumpsites,22.635667591942706,88.33412936364888
1835962894,Climate TRACE,"Carora, Parroquia Trinidad Samuel, Municipio Torres, Lara State, 3050, Venezuela",Dumpsites,10.125241277555444,-70.0481141763383
1835962906,Climate TRACE,"Metro Manila Hills Subdivision, Rizal, Calabarzon, 1860, Philippines",Dumpsites,14.762524890818186,121.13962031083662
1835962915,Climate TRACE,"Bintarajaya, West Java, 17145, Indonesia",Dumpsites,-6.243429856341459,106.95371401173067
1835962776,Climate TRACE,Buena Vista Drive Slf,Sanitary Landfills,36.91738,-121.81142
1835962922,Climate TRACE,"Satna, Raghurajnagar Tahsil, Satna, Madhya Pradesh, 485005, India, Site 1",Dumpsites,24.562923660283502,80.87541678987955
1835963066,Climate TRACE,"Bhosari, Pimpri-Chinchwad, Haveli, Pune District, Maharashtra, 411026, India",Dumpsites,18.63081455277976,73.85972878186398
1835962929,Climate TRACE,"Oke-Aro, Ifo, Ogun, Nigeria",Dumpsites,6.676904579182433,3.320206482647506
1835963071,Climate TRACE,"Rw 08, Cakung Barat, Cakung, East Jakarta, Jakarta Special Capital Region, 14250, Indonesia",Dumpsites,-6.169169392368519,106.9332473001605
1835963075,Climate TRACE,"Belimbing, Tangerang Regency, Banten, 15214, Indonesia",Dumpsites,-6.084887193156652,106.67072552417713
1835963077,Climate TRACE,"Yogapur, Vijayapura, Vijayapura Taluk, Bijapur District, Karnataka, 586101, India",Dumpsites,16.840845493525443,75.74084348958974
1835963083,Climate TRACE,"Sumurkondang, West Java, Indonesia",Dumpsites,-6.394518629417324,107.38775803527058
1835963086,Climate TRACE,"4110, Ban Na Khao, Ban Bang Pron, Nakhon Si Thammarat Province, 80240, Thailand",Dumpsites,8.175046600222398,99.5546827331889
1835963094,Climate TRACE,"Kuman, Bashkia Roskovec, Fier County, Southern Albania, 9315, Albania",Dumpsites,40.7369800289168,19.663774426119357
1835963098,Climate TRACE,"Anakaputhur, Pallavaram, Chengalpattu District, Tamil Nadu, 600070, India",Dumpsites,12.977830093273141,80.12305050085533
1835962961,Climate TRACE,"Ban Na Khao, Ban Wang Yao, Nakhon Si Thammarat Province, Thailand",Dumpsites,8.171190088536541,99.56444820131688
1835963100,Climate TRACE,"Xã Vĩnh Tế, Chau Doc City, An Giang Province, Vietnam, Site 1",Dumpsites,10.643971481652756,105.05741819703248
1835962969,Climate TRACE,"Junagadh City Taluka, Junagadh District, Gujarat, 362037, India",Dumpsites,21.558723538448916,70.46847935733093
1835962970,Climate TRACE,De Solid Waste Authority Pigeon Point,Sanitary Landfills,39.71,-75.53
1835963118,Climate TRACE,"Badak Anom, Tangerang Regency, Banten, Indonesia",Dumpsites,-6.148453156299083,106.48170607870412
1835962982,Climate TRACE,Elkhart County Landfill,Sanitary Landfills,41.6335,-85.9775
1835962984,Climate TRACE,"Ha Tien City, Kien Giang Province, Kp1, Vietnam, Site 1",Dumpsites,10.401247844016439,104.4940378812001
1835962985,Climate TRACE,"Jalan Kh Muhammad Hasan, Kebon Cau, Tangerang Regency, Banten, 15214, Indonesia",Dumpsites,-6.092258155479499,106.65445814089807
1835962986,Climate TRACE,"Quốc Lộ 14C, Đăk Mil, Đắk Mil District, Đắk Nông Province, 641970, Vietnam, Site 1",Dumpsites,12.494102633697851,107.6270962788192
1835962989,Climate TRACE,"Barasat, Barasat - I, North 24 Parganas, West Bengal, 743294, India",Dumpsites,22.705579971917768,88.51867675236804
1835962990,Climate TRACE,United Refuse Lf,Sanitary Landfills,41.0387,-85.2112
1835963129,Climate TRACE,"Ijegun, Alimosho, Lagos, 100266, Nigeria",Dumpsites,6.512738313512043,3.258763671299378
1835962993,Climate TRACE,"Pilerne, Bardez, North Goa, Goa, 403511, India, Site 1",Dumpsites,15.530509517776604,73.78196354758164
1835963019,Climate TRACE,"Kedungpengawas, West Java, 17610, Indonesia",Dumpsites,-6.161972675119396,107.03098402856418
1835963159,Climate TRACE,"Ogudu, Opamore, Kosofe, Lagos, 100271, Nigeria",Dumpsites,6.585600331758156,3.385897597990118
1835963035,Climate TRACE,"Moulivakkam, Kulathuvancheri, Alandur, Tamil Nadu, 600122, India",Dumpsites,13.027025244876873,80.14111706109587
1835963041,Climate TRACE,"Sindang Panon, Tangerang Regency, Banten, 15560, Indonesia, Site 1",Dumpsites,-6.153839716025918,106.51249354412843
1835963046,Climate TRACE,"Karang Mulya, Karang Tengah, Tangerang, Banten, 15000, Indonesia",Dumpsites,-6.203390952729559,106.72128559769857
1835963194,Climate TRACE,"Lapangan Bola, Jalan Rawa Bebek, Bunder, Tangerang Regency, Banten, 15135, Indonesia",Dumpsites,-6.205676650565503,106.55244873216516
1835963058,Climate TRACE,"Carretera San Benito - La Libertad, San Antonio, San Benito, Petén, 17002, Guatemala",Dumpsites,16.895203698385387,-89.93120576862478
1835963205,Climate TRACE,"Sindang Jaya, Tangerang Regency, Banten, 15540, Indonesia",Dumpsites,-6.147489970786449,106.49879297425488
1835963347,Climate TRACE,"Rw 14, Cengkareng Timur, Cengkareng, West Jakarta, Jakarta Special Capital Region, 11720, Indonesia",Dumpsites,-6.140919449963387,106.73662645979883
1835963351,Climate TRACE,"Industrial Estate, Ratnagiri, Maharashtra, 415639, India",Dumpsites,17.009017862715524,73.34220779142993
1835963353,Climate TRACE,"子江中学, 安平桥, Anhai, Jinjiang City, Quanzhou, Fujian, China",Dumpsites,24.725372963598897,118.45376156855126
1835963370,Climate TRACE,"Bình Long, Hớn Quản District, Bình Phước Province, Vietnam, Site 1",Dumpsites,11.6986872327572,106.52785860219363
1835963241,Climate TRACE,"Jalan Vikamas Tengah, Rw 03, Kapuk Muara, Penjaringan, North Jakarta, Jakarta Special Capital Region, 14460, Indonesia",Dumpsites,-6.131028492129296,106.76408208632948
1835963379,Climate TRACE,"Quốc Lộ 14C, Đăk Mil, Đắk Mil District, Đắk Nông Province, 641970, Vietnam, Site 2",Dumpsites,12.493920386622968,107.62750633473769
1835963255,Climate TRACE,"Jurumudi, Benda, Tangerang, Banten, 15125, Indonesia",Dumpsites,-6.129881392866582,106.68349685790075
1835963391,Climate TRACE,"Tanza, Cavite, Calabarzon, 4108, Philippines, Site 1",Dumpsites,14.355391177868723,120.82649168662115
1835963265,Climate TRACE,Zanker Road (Nine Par) Slf,Sanitary Landfills,37.43325,-121.95713
1835963273,Climate TRACE,"Chhaya, Porbandar, Porbandar Taluka, Porbandar District, Gujarat, 360500, India, Site 1",Dumpsites,21.60044245872714,69.64630254242476
1835963409,Climate TRACE,"Pangadegan, Tangerang Regency, Banten, 15560, Indonesia",Dumpsites,-6.145163994013033,106.55133382323838
1835963274,Climate TRACE,"Maheshtala, Thakurpukur Maheshtala, South 24 Parganas, West Bengal, 700141, India, Site 1",Dumpsites,22.49296663474246,88.20559454725317
1835963413,Climate TRACE,"Jalan Inspeksi Bkt, Rw 03, Ujung Menteng, Cilincing, North Jakarta, Pusakarakyat, West Java, 17214, Indonesia, Site 1",Dumpsites,-6.114099857212348,106.97056284043899
1835963416,Climate TRACE,Sunset Farms Landfill,Sanitary Landfills,30.335,-97.625
1835963420,Climate TRACE,"Maryland, Ojota, Kosofe, Lagos, 100271, Nigeria",Dumpsites,6.579593897002823,3.375097076232147
1835963421,Climate TRACE,Solous,Dumpsites,6.570991605,3.253802697
1835963287,Climate TRACE,"North Merville Park I Subdivision, Panghulo, Malabon, Northern Manila District, Metro Manila, 1478, Philippines",Dumpsites,14.686477226741282,120.94971197005107
1835963292,Climate TRACE,"Vijayapura, Vijayapura Taluk, Bijapur District, Karnataka, 586101, India",Dumpsites,16.845268084727312,75.72149465308155
1835963428,Climate TRACE,"Xã Vĩnh Tế, Chau Doc City, An Giang Province, Vietnam, Site 2",Dumpsites,10.643773363273695,105.05715187396552
1835963432,Climate TRACE,"Masjid Jami Al Falah, Jalan Pool Ppd, Rw 07, Cakung Barat, Cakung, East Jakarta, Jakarta Special Capital Region, 13910, Indonesia",Dumpsites,-6.174056627850109,106.9324070316088
1835963434,Climate TRACE,"Ha Tien City, Kien Giang Province, Kp1, Vietnam, Site 2",Dumpsites,10.402065970872288,104.4940378812001
1835963306,Climate TRACE,"Kovur, Pallavaram, Chengalpattu District, Tamil Nadu, 600122, India",Dumpsites,13.015535758451717,80.1172678768015
1835963314,Climate TRACE,"Ungasan, Kuta Selatan, Bali, 0361, Indonesia",Dumpsites,-8.816785289365033,115.16205013317233
1835963335,Climate TRACE,"Kirikiri, Alapako, Amuwo Odofin, Lagos, 071639, Nigeria",Dumpsites,6.446795912608992,3.299427123814065
1835963475,Climate TRACE,"Rajiv Gruhakalpa Colony, Nizampet, Bachupally Mandal, Medchal–Malkajgiri, Telangana, 500090, India",Dumpsites,17.526665900844126,78.38144949200606
1835963480,Climate TRACE,"Carretera Lara - Zulia, Carora, Parroquia Trinidad Samuel, Municipio Torres, Lara State, 3050, Venezuela",Dumpsites,10.128150799069505,-70.04358204069628
1835963621,Climate TRACE,"Godhra, Godhra Taluka, Panch Mahal District, Gujarat, 389001, India, Site 3",Dumpsites,22.7581690816169,73.59958745967833
1835963487,Climate TRACE,"Cibodas, Tangerang, Banten, 15113, Indonesia",Dumpsites,-6.200752708619888,106.61013891429602
1835963494,Climate TRACE,Sycamore Landfill,Sanitary Landfills,38.3995,-82.025
1835963630,Climate TRACE,"Huaxi, Dongyang, Zhejiang, China, Site 2",Dumpsites,29.20749379097616,120.18032626310315
1835963637,Climate TRACE,"Majura Taluka, Surat, Gujarat, 395023, India, Site 2",Dumpsites,21.123920337937665,72.85367558015425
1835963502,Climate TRACE,"Sindang Sari, Tangerang Regency, Banten, 15560, Indonesia",Dumpsites,-6.152909348446265,106.52725960056459
1835963641,Climate TRACE,"Iddo, Oto, Lagos Mainland, Lagos, Yaba, Nigeria",Dumpsites,6.478681305677877,3.379547189248552
1835963642,Climate TRACE,"Mekar Jaya, Tangerang Regency, Banten, 16551, Indonesia",Dumpsites,-6.132979328875013,106.57028452661622
1835963512,Climate TRACE,"Shangjing, 梧岗村, Fuqing City, Fuzhou City, Fujian, China",Dumpsites,25.621980503836014,119.2974366427968
1835963648,Climate TRACE,"Durrës, Bashkia Durrës, Durrës County, Northern Albania, 2001, Albania, Site 1",Dumpsites,41.368981771899755,19.449052334275233
1835963513,Climate TRACE,"Rw 07, Cengkareng Barat, Cengkareng, West Jakarta, Jakarta Special Capital Region, 11820, Indonesia",Dumpsites,-6.140025760823357,106.72041855849957
1835963658,Climate TRACE,"Satna, Raghurajnagar Tahsil, Satna, Madhya Pradesh, 485005, India, Site 2",Dumpsites,24.561882785994914,80.84788093369963
1835963660,Climate TRACE,"Vlora, Bashkia Vlorë, Vlorë County, Southern Albania, 9401-9403, Albania, Site 1",Dumpsites,40.47184348210976,19.46567242878373
1835963662,Climate TRACE,"Kayalpattinam, Tiruchendur, Thoothukkudi District, Tamil Nadu, 628204, India",Dumpsites,8.561957238000373,78.11711069559412
1835963665,Climate TRACE,"Olori, Ifo, Ogun, Nigeria",Dumpsites,6.68926364431435,3.357998459815284
1835963535,Climate TRACE,"Mapagong, Calamba, Laguna, Calabarzon, 4027, Philippines",Dumpsites,14.235206009680136,121.12697569446469
1835963671,Climate TRACE,Sampson County Landfill,Sanitary Landfills,34.96,-78.45
1835963539,Climate TRACE,"Sagamu Road, Ijoko, Shagamu, Ogun, 110271, Nigeria",Dumpsites,6.82897333788274,3.633586741458411
1835963675,Climate TRACE,"Huskur, Singena Agrahara, Anekal, Bangalore Urban, Karnataka, 560100"", India",Dumpsites,12.835180244545292,77.70904208412574
1835963547,Climate TRACE,"Jalan Kampung Cisareh, Cukang Galih, Tangerang Regency, Banten, 15710, Indonesia",Dumpsites,-6.245501898880589,106.56372209963797
1835963549,Climate TRACE,"Nilgunj Road, Kamarhati, Barrackpur - Ii, North 24 Parganas, West Bengal, 700056, India",Dumpsites,22.67868228226115,88.38005235363988
1835963688,Climate TRACE,Abule Egba,Dumpsites,6.63925307210791,3.30212152088244
1835963692,Climate TRACE,"Jimei District, Xiamen, Fujian, 361021, China, Site 1",Dumpsites,24.633436628774277,118.01869721222528
1835963557,Climate TRACE,"Bhat Gidc, Koteshwar Village, Koteshwar, Gandhinagar Taluka, Gandhinagar District, Gujarat, 382428, India",Dumpsites,23.09561042983137,72.61721023760883
1835963695,Climate TRACE,"Malegaon, Nashik, Maharashtra, 423200, India, Site 2",Dumpsites,20.57692760373911,74.54335859789795
1835963560,Climate TRACE,"Payatas Road, Southville 8-C, Rodríguez, Rizal, Calabarzon, 1860, Philippines",Dumpsites,14.762020809443017,121.13913150465464
1835963699,Climate TRACE,"Rruga Sulo Bogdo 2, Spitallë, Durrës, Bashkia Durrës, Durrës County, Northern Albania, 2001, Albania",Dumpsites,41.35218370922508,19.452348156698744
1835963564,Climate TRACE,"Kudlu, Singasandra, Bommanahalli Zone, Bengaluru, Anekal, Bangalore Urban, Karnataka, - 560068, India",Dumpsites,12.883407569405476,77.66021341552103
1835963567,Climate TRACE,"Beltala, Barrackpore, Barrackpur - Ii, North 24 Parganas, West Bengal, 700120, India",Dumpsites,22.749024288504117,88.38258200732865
1835963706,Climate TRACE,"Red Hills, Alinjivakkam, Mathavaram, Thiruvallur District, Tamil Nadu, 600052, India",Dumpsites,13.19688475165448,80.185578668413
1835963708,Climate TRACE,"Ahmedabad, Ahmedabad City Taluka, Ahmedabad District, Gujarat, 380001, India",Dumpsites,23.106810583847412,72.60961012431548
1835963712,Climate TRACE,"Gading Serpong, Medang, Tangerang Regency, Banten, 15339, Indonesia",Dumpsites,-6.26938562114675,106.61857739093834
1835963717,Climate TRACE,Cid Recycling And Disposal Facility,Sanitary Landfills,41.655,-87.578
1835963718,Climate TRACE,"Nh151, Junagadh, Junagadh City Taluka, Junagadh District, Gujarat, 362001, India",Dumpsites,21.578482331106297,70.47449892525661
1835963584,Climate TRACE,"Huaxi, Dongyang, Zhejiang, China, Site 1",Dumpsites,29.183634130988473,120.16839643310931
1835963586,Climate TRACE,"Majura Taluka, Surat, Gujarat, 395023, India, Site 1",Dumpsites,21.12774941612825,72.83817248308993
1835963728,Climate TRACE,"Sodepur, Panihati, Barrackpur - Ii, North 24 Parganas, West Bengal, 700110, India",Dumpsites,22.6917696307877,88.38586895298502
1835963734,Climate TRACE,"Ijako, Ado Odo/Ota, Ogun, Nigeria",Dumpsites,6.738002467265667,3.214680350737078
1835963611,Climate TRACE,Hickory Ridge Landfill,Sanitary Landfills,33.662,-84.336
1835963618,Climate TRACE,"Howrah, Haora, Howrah, West Bengal, 711101, India",Dumpsites,22.61039608583941,88.32622550583018
1835963902,Climate TRACE,"Jiaojiang District, Taizhou, Zhejiang, 318050, China",Dumpsites,28.622674777229964,121.36665912185435
1835963911,Climate TRACE,"Kalol, Kalol Taluka, Gandhinagar District, Gujarat, 382700, India, Site 1",Dumpsites,23.145277769407635,72.45568288284834
1835963778,Climate TRACE,"Sector 1, Manesar, Gurugram, Haryana, 122050, India, Site 1",Dumpsites,28.356732437055218,76.9438922575569
1835963915,Climate TRACE,"Kanchrapara, Barrackpur - I, North 24 Parganas, West Bengal, 743145, India",Dumpsites,22.949346742440746,88.4328216567033
1835963916,Climate TRACE,"Sumurkondang, West Java, 41371, Indonesia",Dumpsites,-6.390025439428117,107.3684481807408
1835963917,Climate TRACE,"Jalan Raya Kali Cbl, Cikarang, West Java, 17519, Indonesia",Dumpsites,-6.247109751384913,107.13769004213921
1835963925,Climate TRACE,"Rruga Hani, Han (Mëzez), Kashar, Tirana Municipality, Tirana County, Central Albania, 1051, Albania",Dumpsites,41.33929257280818,19.752955351487987
1835963792,Climate TRACE,"Uranus Apartments, Moulivakkam, Kulathuvancheri, Alandur, Tamil Nadu, 602101, India",Dumpsites,13.029856316101986,80.13350056625153
1835963796,Climate TRACE,"Iseri-Osun, Alimosho, Lagos, 100263, Nigeria",Dumpsites,6.521331590921889,3.278256842686978
1835963799,Climate TRACE,"Temeke Mc, Dar Es Salaam, Coastal Zone, 17503, Tanzania, Site 1",Dumpsites,-6.92035297139519,39.24417424714053
1835963803,Climate TRACE,"Periuk Jaya, Periuk, Tangerang, Banten, 15118, Indonesia",Dumpsites,-6.167510075939266,106.60594305018121
1835963944,Climate TRACE,"Onihale, Ifo, Ogun, Nigeria, Site 3",Dumpsites,6.755536723369412,3.216490678639967
1835963811,Climate TRACE,"Huanzhen South Road, Dazhacun, Shunde District, Foshan, Guangdong Province, 528318, China",Dumpsites,22.9029993833111,113.09598609628162
1835963954,Climate TRACE,"Jiande, Xinanjiang, Zhejiang, 311600, China",Dumpsites,29.45358434343901,119.27706435361902
1835963961,Climate TRACE,"Jalan Inspeksi Bkt, Rw 03, Ujung Menteng, Cilincing, North Jakarta, Pusakarakyat, West Java, 17214, Indonesia, Site 2",Dumpsites,-6.120647861471674,106.9702544206899
1835963827,Climate TRACE,"Sunnambu Kulathur, Nanmangalam, Sholinganallur, Tamil Nadu, 600117, India",Dumpsites,12.942365191479208,80.1863824864657
1835963970,Climate TRACE,"Sindang Panon, Tangerang Regency, Banten, 15560, Indonesia, Site 3",Dumpsites,-6.16821808612311,106.52556943741611
1835963973,Climate TRACE,Edgeboro Landfill,Sanitary Landfills,40.47,-74.39
1835963838,Climate TRACE,"Nanhai District, Foshan, Guangdong Province, China, Site 1",Dumpsites,23.181255172769106,112.97512796334122
1835963840,Climate TRACE,"Sindang Panon, Tangerang Regency, Banten, 15560, Indonesia, Site 2",Dumpsites,-6.165323067366863,106.51711950084632
1835963841,Climate TRACE,Live Oak Lf,Sanitary Landfills,33.6706,-84.3428
1835963842,Climate TRACE,"Industrial Modern Township Manesar, Manesar, Gurugram, Haryana, 122052, India",Dumpsites,28.357707980091664,76.91378947923441
1835963845,Climate TRACE,"Kannamwar Nagar Ii, Vikhroli East, Zone 6, Mumbai, Mumbai Metropolitan Region, Mumbai Suburban, Maharashtra, 400083, India",Dumpsites,19.12490946633295,72.94339202947502
1835963988,Climate TRACE,"麻山路, 云桥社区, 彭家, Jinxian, Nanchang, Jiangxi, China",Dumpsites,28.349308834414916,116.25354773841131
1835963851,Climate TRACE,"Bugel, Karawaci, Tangerang, Banten, 15118, Indonesia",Dumpsites,-6.175431158622118,106.6064540608704
1835963993,Climate TRACE,"Begur, Bommanahalli Zone, Bengaluru, Bangalore South, Bangalore Urban, Karnataka, 560083, India",Dumpsites,12.85240838505729,77.61097136359285
1835963867,Climate TRACE,"Beichen District, Ninghe County, Tianjin, China",Dumpsites,39.27047748081812,117.38621791509085
1835964012,Climate TRACE,"Bariga, Abule Ijesha, Shomolu, Lagos, 100231, Nigeria",Dumpsites,6.530125735783642,3.400224543055129
1835963879,Climate TRACE,"Oshosun, Ikeja, Lagos, 100281, Nigeria",Dumpsites,6.586685874235584,3.370745234242677
1835963880,Climate TRACE,"Bayi Road, 城东新区, 观音山街道, Chongchuan District, Nantong, Jiangsu, 226000, China",Dumpsites,32.01168357031562,120.90777642936943
1835963885,Climate TRACE,"Saraswati Vihar Tehsil, North West Delhi, Delhi, 110088, India",Dumpsites,28.714254994190632,77.1613696862701
1835964025,Climate TRACE,Craven County Lf,Sanitary Landfills,35.1682,-77.2282
1835963888,Climate TRACE,"Ijora, Apapa, Lagos, 101212, Nigeria",Dumpsites,6.470812335239531,3.361276706161819
1835963889,Climate TRACE,"Temeke Mc, Dar Es Salaam, Coastal Zone, 17503, Tanzania, Site 2",Dumpsites,-6.916747823828941,39.238830457414885
1835963891,Climate TRACE,Lemhi County Landfill 1,Sanitary Landfills,45.118893,-113.861523
1835964032,Climate TRACE,"Nanhai District, Foshan, Guangdong Province, China, Site 2",Dumpsites,23.164535444084542,112.9695860307997
1835964182,Climate TRACE,"Kolapakkam, Alandur, Tamil Nadu, 600128, India",Dumpsites,13.005929198005854,80.15267879067972
1835964186,Climate TRACE,"Tambaram, Chengalpattu District, Tamil Nadu, 600045, India",Dumpsites,12.956489635922466,80.11605863093467
1835964189,Climate TRACE,"Karur - Vangal Road, Karur, Karur District, Tamil Nadu, 639001, India, Site 2",Dumpsites,10.988710677471675,78.09552543795611
1835964205,Climate TRACE,"Wangunharja, West Java, 17530, Indonesia",Dumpsites,-6.300243971278457,107.13749881405911
1835964070,Climate TRACE,"Pragathi Nagar Dumpyard, Pragathi Nagar Road, Lake View Colony, Quthbullapur Mandal, Medchal–Malkajgiri, Telangana, 501002, India",Dumpsites,17.51291520522977,78.39889164953031
1835964072,Climate TRACE,"Higüey, La Altagracia, 23302, Dominican Republic",Dumpsites,18.702351720753548,-68.49452723840665
1835964217,Climate TRACE,"Shanzhan Expressway, Tongyu, Chaoyang District, Shantou, Guangdong Province, China",Dumpsites,23.277701092745644,116.41491423745131
1835964089,Climate TRACE,"Anping Development Area, Jinjiang City, Quanzhou, Fujian, China",Dumpsites,24.70431404929966,118.4583743821089
1835964229,Climate TRACE,"Rejosari, Kudus, Central Java, Indonesia",Dumpsites,-6.76577882383104,110.90890863088279
1835964232,Climate TRACE,"Kedaung Wetan, Neglasari, Tangerang, Banten, 15129, Indonesia",Dumpsites,-6.140499364172412,106.61612364052729
1835964236,Climate TRACE,"Sukaasih, Tangerang Regency, Banten, 15560, Indonesia, Site 1",Dumpsites,-6.157077142064553,106.53136448424543
1835964237,Climate TRACE,"Jalan Ma Kemi, Wangunharja, West Java, 17530, Indonesia",Dumpsites,-6.305691514504299,107.14048194876553
1835964243,Climate TRACE,River Bend Prairie Landfill,Sanitary Landfills,41.6446,-87.5979
1835964107,Climate TRACE,"Asola, Sohna, Gurugram, Haryana, 122011, India",Dumpsites,28.411360738677256,77.13386306956968
1835964112,Climate TRACE,"Estrada Coronel Joaquim Branco, Jardim Savoy, Itanhaém, Itanhaem, Região Imediata De Santos, Região Metropolitana Da Baixada Santista, Região Geográfica Intermediária De São Paulo, São Paulo, Southeast Region, 11740-000, Brazil",Dumpsites,-24.16714627372478,-46.78099140412413
1835964125,Climate TRACE,"Kampung Tebedu Bung Padus, Sarawak, Malaysia, Site 1",Dumpsites,1.039503709068346,110.3710350014025
1835964126,Climate TRACE,"Rawa Burung, Tangerang Regency, Banten, 15214, Indonesia",Dumpsites,-6.098252186009709,106.67222998603744
1835964134,Climate TRACE,"Shiqi, Panyu District, Guangzhou City, Guangdong Province, 511450, China",Dumpsites,22.9836089202943,113.40824789741761
1835964137,Climate TRACE,"Maharlika Highway, Gapan, Nueva Ecija, Central Luzon, 3105, Philippines, Site 1",Dumpsites,15.330579521302054,120.93713700271677
1835964140,Climate TRACE,"Chashan, Dongguan, Guangdong Province, 523000, China, Site 1",Dumpsites,23.042447083007712,113.85433621537666
1835964282,Climate TRACE,"Pondok Ranji, Ciputat Timur, South Tangerang, Banten, 15413, Indonesia",Dumpsites,-6.287516143583098,106.74369986059929
1835964283,Climate TRACE,"Zhongxiu Middle Road, 观音山街道, Chongchuan District, Nantong, Jiangsu, 226000, China",Dumpsites,32.037274258488964,120.91726964684688
1835964284,Climate TRACE,Bedford City Hylton Site,Sanitary Landfills,37.3333,-79.50416
1835964151,Climate TRACE,"Halisahar, Barrackpur - I, North 24 Parganas, West Bengal, 743135, India",Dumpsites,22.929125455481444,88.42061547178153
1835964152,Climate TRACE,"Isha Garden, Perumbakkam, Sholinganallur, Tamil Nadu, 600100, India",Dumpsites,12.908837172005088,80.19943327625907
1835964296,Climate TRACE,"Red Hills, Alinjivakkam, Mathavaram, Thiruvallur District, Tamil Nadu, 600066, India",Dumpsites,13.194338680620138,80.1977090888793
1835964160,Climate TRACE,"Sector 1, Manesar, Gurugram, Haryana, 122050, India, Site 2",Dumpsites,28.370953984125986,76.94735155279032
1835964161,Climate TRACE,"Barangay 100 San Roque, Tacloban, Eastern Visayas, 6500, Philippines",Dumpsites,11.276134799908661,124.9349855843181
1835964299,Climate TRACE,"Ijeododo, Alimosho, Lagos, 100266, Nigeria",Dumpsites,6.508864076646326,3.239321071558464
1835964174,Climate TRACE,Aguadilla Landfill,Sanitary Landfills,18.419018,-67.116211
1835964314,Climate TRACE,"Jalan Mayang, Rw 07, Kelapa Dua, Kebon Jeruk, West Jakarta, Jakarta Special Capital Region, 11550., Indonesia",Dumpsites,-6.215179723947679,106.76411665512208
1835964180,Climate TRACE,"Rruga Ëngjëll Mashi, Astir, Lagjja E Re (Mëzez), Kashar, Tirana Municipality, Tirana County, Central Albania, 1051, Albania",Dumpsites,41.328245541833084,19.774836970534814
1835964321,Climate TRACE,"Jimei District, Xiamen, Fujian, 361021, China, Site 2",Dumpsites,24.639272123442876,118.04379415842422
1835964461,Climate TRACE,"Chunchura, Chinsurah - Magra, Hugli, West Bengal, 712102, India",Dumpsites,22.89320687138882,88.37765485620831
1835964327,Climate TRACE,"Chashan, Dongguan, Guangdong Province, 523000, China, Site 2",Dumpsites,23.047981409807953,113.84411178111858
1835964465,Climate TRACE,"Jimbaran, Kuta Selatan, Bali, 0361, Indonesia",Dumpsites,-8.795212561089434,115.16585708522096
1835964468,Climate TRACE,"Jiaojiang District, Taizhou, Zhejiang, 318000, China",Dumpsites,28.63606484409367,121.38405267210342
1835964471,Climate TRACE,"Magway Township, Magway District, Magway, +9563, Myanmar",Dumpsites,20.15789190072396,94.99547827153648
1835964338,Climate TRACE,"Pasir Jaya, Tangerang Regency, Banten, 15135, Indonesia",Dumpsites,-6.198332241967882,106.53489993887206
1835964340,Climate TRACE,"Manesar, Gurgaon, Gurugram, Haryana, 122051, India",Dumpsites,28.384552202263418,76.92944922883068
1835964348,Climate TRACE,Bridgeton Landfill,Sanitary Landfills,38.765,-90.445
1835964350,Climate TRACE,"Budge Budge, Budge Budge - I, South 24 Parganas, West Bengal, 700137, India",Dumpsites,22.473336735129372,88.18909042783325
1835964494,Climate TRACE,"Vlora, Bashkia Vlorë, Vlorë County, Southern Albania, 9401-9403, Albania, Site 2",Dumpsites,40.47990476593124,19.47264217860592
1835964375,Climate TRACE,"Gaowei, Taishan, Jiangmen, Guangdong Province, China",Dumpsites,21.84912453109666,112.52044571055158
1835964513,Climate TRACE,"Ghaziabad, Ghaziabad District, Uttar Pradesh, 201001, India, Site 3",Dumpsites,28.62905969559702,77.353034284552
1835964519,Climate TRACE,"Tanza, Cavite, Calabarzon, 4108, Philippines, Site 2",Dumpsites,14.343002539241537,120.83125179434802
1835964526,Climate TRACE,"Cangkring Malang, Pasuruan, East Java, 67154, Indonesia",Dumpsites,-7.589692766489724,112.74413264902502
1835964533,Climate TRACE,"Dongli District, Tianjin, 300000, China",Dumpsites,39.19573500873556,117.27855517328078
1835964397,Climate TRACE,"Adiyan, Ifo, Ogun, Nigeria",Dumpsites,6.695415534393851,3.331129175203345
1835964542,Climate TRACE,"225 National Highway, Changjiang Li Autonomous County, Hainan Province, China",Dumpsites,19.299301573181793,109.02476744695156
1835964543,Climate TRACE,"Rw 03, Ulujami, Pesanggrahan, South Jakarta, Jakarta Special Capital Region, 12250, Indonesia",Dumpsites,-6.231838385034305,106.76167545071047
1835964549,Climate TRACE,"Igboloye, Ado Odo/Ota, Ogun, Nigeria, Site 1",Dumpsites,6.672817282269073,3.150458672622043
1835964553,Climate TRACE,"Holcim Perimeter Road, Holcim Cement, San Jose Del Monte, Bulacan, Central Luzon, 3013, Philippines",Dumpsites,14.89522218039097,121.07708348150364
1835964558,Climate TRACE,"Lelong Road Side Road, Nankengcun, Shunde District, Foshan, Guangdong Province, 528318, China",Dumpsites,22.83967607043997,113.08182072950737
1835964421,Climate TRACE,"Kadu Jaya, Tangerang Regency, Banten, 15136, Indonesia",Dumpsites,-6.22924868295972,106.55277657590027
1835964438,Climate TRACE,"Suka Tani, Tangerang Regency, Banten, 15540, Indonesia, Site 5",Dumpsites,-6.144673867736544,106.49932496943089
1835964443,Climate TRACE,"Cruce Los Soto, La Vega, 48000, Dominican Republic",Dumpsites,19.25069917026958,-70.52952125015258
1835964582,Climate TRACE,"Dalong Subdistrict, Panyu District, Guangzhou City, Guangdong Province, 511450, China",Dumpsites,22.970326074884596,113.41734366424934
1835964594,Climate TRACE,"Maharlika Highway, Gapan, Nueva Ecija, Central Luzon, 3105, Philippines, Site 2",Dumpsites,15.330551815787432,120.93726901539011
1835964600,Climate TRACE,"Kampung Tebedu Bung Padus, Sarawak, Malaysia, Site 2",Dumpsites,1.039529929230456,110.37089301835586
1835964746,Climate TRACE,"Remulla Drive, Sahud Ulan, Tanza, Cavite, Calabarzon, 4108, Philippines",Dumpsites,14.361310663477854,120.82813618381299
1835964760,Climate TRACE,"Rui'An, Wenzhou, Zhejiang, China, Site 2",Dumpsites,27.838041948893192,120.68428065423383
1835964625,Climate TRACE,"Sd Sriamur 04, Jalan Raya Pisangan, Sriamur, West Java, 17611, Indonesia",Dumpsites,-6.172579480332023,107.04898722821567
1835964628,Climate TRACE,"仙港村, Simapu, Chaonan District, Shantou, Guangdong Province, China",Dumpsites,23.26656561354978,116.38986203396038
1835964767,Climate TRACE,"可新村, Haifeng County, Shanwei, Guangdong Province, China",Dumpsites,22.96761452794175,115.49623129349436
1835964773,Climate TRACE,"Kalol, Kalol Taluka, Gandhinagar District, Gujarat, 382700, India, Site 2",Dumpsites,23.144539492513967,72.44238501500706
1835964774,Climate TRACE,"Sukaasih, Tangerang Regency, Banten, 15560, Indonesia, Site 2",Dumpsites,-6.163045278310235,106.53287073493395
1835964781,Climate TRACE,"Rw 12, Penggilingan, Cakung, East Jakarta, Jakarta Special Capital Region, 13940, Indonesia",Dumpsites,-6.216511426387591,106.93392351966716
1835964645,Climate TRACE,"Rruga Fabrika E Qelqit, Njësia Bashkiake Nr. 6, Tiranë, Tirana Municipality, Tirana County, Central Albania, 1001-1028, Albania",Dumpsites,41.317644518118115,19.766452909838712
1835964651,Climate TRACE,Denver Regional Landfill (South),Sanitary Landfills,40.02918,-105.02982
1835964791,Climate TRACE,"Jiyang Town, Jiyang District, Sanya City, Hainan Province, 572300, China, Site 1",Dumpsites,18.316987377120974,109.54793399091714
1835964668,Climate TRACE,"Lelong Road Side Road, Ding'Ancun, Shunde District, Foshan, Guangdong Province, 528318, China",Dumpsites,22.885639724751528,113.09443780241008
1835964669,Climate TRACE,Rumble Landfill #2,Sanitary Landfills,39.14,-94.4
1835964814,Climate TRACE,Environtech Lf,Sanitary Landfills,41.37299,-88.4026
1835964815,Climate TRACE,"Jiande, Genglou, Zhejiang, 311600, China",Dumpsites,29.450010041307614,119.26402298097744
1835964818,Climate TRACE,"Sampige Nagara, Anantnagar, Anekal, Bangalore Urban, Karnataka, 560100"", India",Dumpsites,12.832973540528297,77.69443921171893
1835964684,Climate TRACE,"Indah Kiat Pulp & Paper, Perawang, Kecamatan Tualang, Siak Regency, Riau, Indonesia, Site 1",Dumpsites,0.676373744101065,101.63316806150148
1835964824,Climate TRACE,"G228;G324, Ketang, Haifeng County, Shanwei, Guangdong Province, China",Dumpsites,22.952657875445837,115.47722976013478
1835964701,Climate TRACE,North Miramar Sanitary Landfill,Sanitary Landfills,32.84,-117.15
1835964839,Climate TRACE,"Jalan Tol Ulujami–Serpong, Pondok Ranji, Ciputat Timur, South Tangerang, Banten, 15225, Indonesia",Dumpsites,-6.277773467695084,106.74212319739861
1835964702,Climate TRACE,"Tong'An District, Xiamen, Fujian, China, Site 2",Dumpsites,24.683607491949818,118.07519064726876
1835964712,Climate TRACE,"Rw 08, Pulo Gebang, Cakung, East Jakarta, Jakarta Special Capital Region, 41581, Indonesia",Dumpsites,-6.212282982574419,106.95011087740528
1835964853,Climate TRACE,"Friusa, Higüey, La Altagracia, 23302, Dominican Republic",Dumpsites,18.68932334957293,-68.48679516638796
1835964861,Climate TRACE,"Honglu Subdistrict, Fuqing City, Fuzhou City, Fujian, China",Dumpsites,25.644699426885513,119.29079645651927
1835964864,Climate TRACE,"Magway Township, Magway District, Magway, Myanmar, Site 2",Dumpsites,20.176110796798145,94.99468816634959
1835964732,Climate TRACE,"Magway Township, Magway District, Magway, Myanmar, Site 1",Dumpsites,20.18759056039591,94.9948740734524
1835964873,Climate TRACE,"湖澳村, Lufeng City, Shanwei, Guangdong Province, China",Dumpsites,22.89188782154675,116.05545261287713
1835964737,Climate TRACE,"Beguru, Begur, Bommanahalli Zone, Vittasandra, Bangalore South, Bangalore Urban, Karnataka, - 560068, India",Dumpsites,12.86064622617861,77.62592714894964
1835965032,Climate TRACE,"Tong'An District, Xiamen, Fujian, China, Site 3",Dumpsites,24.77372779772479,118.14936441068363
1835965034,Climate TRACE,"G228, Jiazi, Lufeng City, Shanwei, Guangdong Province, China",Dumpsites,22.895084727895863,116.07209533122399
1835964901,Climate TRACE,"Mbrostar Ura, Bashkia Fier, Fier County, Southern Albania, 9315, Albania",Dumpsites,40.752159437022485,19.66535928311415
1835964904,Climate TRACE,"Kalyani-Barrackpur Expressway, Kalyani, Chakdah, Nadia, West Bengal, 741235, India",Dumpsites,22.96071148562109,88.43911453102629
1835964905,Climate TRACE,Fort Worth Regional Landfill,Sanitary Landfills,32.79,-97.24
1835965046,Climate TRACE,"Tong'An District, Xiamen, Fujian, China, Site 4",Dumpsites,24.76370786632485,118.14555899553537
1835965048,Climate TRACE,"Sector 59, Ireo City, Sohna, Gurugram, Haryana, 122011, India",Dumpsites,28.405636605182917,77.10464017814468
1835964917,Climate TRACE,"Canlubang, Calamba, Laguna, Calabarzon, 4028, Philippines",Dumpsites,14.228376770671732,121.1020444528026
1835964918,Climate TRACE,"Tangerang Regency, Banten, Indonesia",Dumpsites,-6.154311005319395,106.48676920086368
1835965057,Climate TRACE,"Bangalore Central Jail, Jail Road, Kudlu, Singasandra, Bommanahalli Zone, Bengaluru, Bangalore South, Bangalore Urban, Karnataka, 560 100, India",Dumpsites,12.875200607168116,77.66531996980204
1835964922,Climate TRACE,"Zharrëz, Bashkia Patos, Fier County, Southern Albania, 9317, Albania",Dumpsites,40.71886540496944,19.64261582428468
1835964926,Climate TRACE,"Visnagar, Visnagar Taluka, Mahesana District, Gujarat, 384300, India",Dumpsites,23.716642573559756,72.53198052662745
1835964931,Climate TRACE,"Sh130, Tirupati Township, Visnagar, Visnagar Taluka, Mahesana District, Gujarat, 384300, India",Dumpsites,23.704863680202877,72.52664495450514
1835965076,Climate TRACE,"S123, Guantiancun, Shunde District, Foshan, Guangdong Province, 528318, China",Dumpsites,22.83357857501216,113.0620273212725
1835965078,Climate TRACE,"Chandannagar, Singur, Hugli, West Bengal, 712136, India",Dumpsites,22.872125837073288,88.35995429955585
1835965083,Climate TRACE,"Travessa Marinheiros, Vila Recantus, Recantus, Belford Roxo, Região Geográfica Imediata Do Rio De Janeiro, Região Metropolitana Do Rio De Janeiro, Região Geográfica Intermediária Do Rio De Janeiro, Rio De Janeiro, Southeast Region, 26116-460, Brazil",Dumpsites,-22.71782582222211,-43.390421985117975
1835964950,Climate TRACE,"Math Para, Titagarh, Barrackpur - Ii, North 24 Parganas, West Bengal, 700117, India",Dumpsites,22.735913961599145,88.37676322672769
1835965098,Climate TRACE,"Bojong Nangka, Tangerang Regency, Banten, 15334, Indonesia",Dumpsites,-6.26182156969849,106.60394186010983
1835965101,Climate TRACE,Quad Cities Landfill Phase 1&Amp;2/3,Sanitary Landfills,41.38,-90.51
1835965102,Climate TRACE,"Rw 03, Tegal Alur, Kalideres, West Jakarta, Jakarta Special Capital Region, 11810, Indonesia",Dumpsites,-6.111106343883769,106.71023566836249
1835964968,Climate TRACE,Lemhi County Landfill 2,Sanitary Landfills,45.126,-113.833
1835965106,Climate TRACE,"凤南路, 碗瑶社, Jimei District, Xiamen, Fujian, China",Dumpsites,24.677870792360167,118.05154347426539
1835965108,Climate TRACE,"Jalan Raya Serang, Kawasan Industri Batik, Balaraja, Tangerang Regency, Banten, 15610, Indonesia",Dumpsites,-6.196484959799075,106.4698950434696
1835964971,Climate TRACE,"Thoothukudi - Tiruchendur - Kanyakumari Road, Arumuganeri, Tiruchendur, Thoothukkudi District, Tamil Nadu, 628202, India",Dumpsites,8.569020119233574,78.09764249732312
1835965112,Climate TRACE,"Bình Long, Hớn Quản District, Bình Phước Province, Vietnam, Site 2",Dumpsites,11.699136057475936,106.52766511327886
1835965113,Climate TRACE,Granby Slf,Sanitary Landfills,42.2214,-72.5459
1835964982,Climate TRACE,"Chhaya, Porbandar, Porbandar Taluka, Porbandar District, Gujarat, 360500, India, Site 2",Dumpsites,21.62699756595396,69.64733108531031
1835965120,Climate TRACE,"Jalan Tol Profesor Dokter Sedyatmo, Rw 02, Kamal, Kalideres, West Jakarta, Dadap, Tangerang Regency, Banten, 15125, Indonesia",Dumpsites,-6.096688067480427,106.71429408539598
1835964983,Climate TRACE,"G228, Yudixu Community, Taipingtun, Taishan, Jiangmen, Guangdong Province, China",Dumpsites,21.857261132060653,112.50043154266314
1835964984,Climate TRACE,"Changjiang Li Autonomous County, Hainan Province, China",Dumpsites,19.290460058502184,109.03866222102077
1835964985,Climate TRACE,"Indah Kiat Pulp & Paper, Perawang, Kecamatan Tualang, Siak Regency, Riau, Indonesia, Site 2",Dumpsites,0.674170717525367,101.63372613531004
1835965138,Climate TRACE,"南门路, 云桥社区, 云桥, 民和村, Jinxian County, Nanchang, Jiangxi, China",Dumpsites,28.362210557169004,116.26915632510607
1835965144,Climate TRACE,"Huaxi, Dongyang, Zhejiang, China, Site 3",Dumpsites,29.215544001459808,120.19468085529087
1835965146,Climate TRACE,"Nusa Dua, Benoa, Kuta Selatan, Bali, 80363, Indonesia, Site 1",Dumpsites,-8.806928185005752,115.21139337844872
1835965011,Climate TRACE,"Jiyang Town, Jiyang District, Sanya City, Hainan Province, 572300, China, Site 2",Dumpsites,18.318077867047773,109.56444070095101
1835965157,Climate TRACE,"Igboloye, Ado Odo/Ota, Ogun, Nigeria, Site 2",Dumpsites,6.679949456097081,3.152083138673427
1835965301,Climate TRACE,Denver Regional North Landfill,Sanitary Landfills,40.02,-105.03
1835965166,Climate TRACE,"Vittasandra, Bangalore South, Bangalore Urban, Karnataka, - 560068, India",Dumpsites,12.849429387161019,77.63431697975955
1835965167,Climate TRACE,"Ebute-Metta, Lagos Mainland, Lagos, Yaba, Nigeria",Dumpsites,6.489941091359339,3.39115741934717
1835965306,Climate TRACE,"Amaya I, Santa Cruz, Tanza, Cavite, Calabarzon, 4108, Philippines",Dumpsites,14.382922262831901,120.83534927477866
1835965171,Climate TRACE,"Novaliches Reservoir, 5Th District, Quezon City, Eastern Manila District, Rizal, Metro Manila, 1118, Philippines",Dumpsites,14.770142940202959,121.12828673842475
1835965173,Climate TRACE,"Pilerne, Bardez, North Goa, Goa, 403511, India, Site 2",Dumpsites,15.527405738007879,73.79544051570414
1835965176,Climate TRACE,"Jalan Temu Dewi, Pecatu, Kuta Selatan, Bali, 80163, Indonesia",Dumpsites,-8.822948926015203,115.13621724427088
1835965187,Climate TRACE,"Command Secondary School Road, Ipaja, Alimosho, Lagos, 2340, Nigeria",Dumpsites,6.632141726570233,3.257083792608265
1835965327,Climate TRACE,"Jatibening, West Java, 17412, Indonesia",Dumpsites,-6.258244085132747,106.93613726597212
1835965191,Climate TRACE,"Serua Indah, Ciputat, South Tangerang, Banten, 15413, Indonesia",Dumpsites,-6.305859483425447,106.73042173810913
1835965204,Climate TRACE,"Rua Emídio De Souza, Jardim Oásis, Itanhaém, Itanhaem, Região Imediata De Santos, Região Metropolitana Da Baixada Santista, Região Geográfica Intermediária De São Paulo, São Paulo, Southeast Region, 11740-000, Brazil",Dumpsites,-24.157192488650328,-46.80077341738784
1835965207,Climate TRACE,"东沟村, Xiashan Subdistrict, Chaonan District, Shantou, Guangdong Province, China",Dumpsites,23.244725606463085,116.40078203750373
1835965354,Climate TRACE,"Kutuh, Kuta Selatan, Bali, 0361, Indonesia",Dumpsites,-8.815788230495151,115.18443863688692
1835965219,Climate TRACE,"白岗村, Nancun, Panyu District, Guangzhou City, Guangdong Province, 51000, China",Dumpsites,22.993835988418052,113.40017883449428
1835965361,Climate TRACE,"Bencongan Indah, Tangerang Regency, Banten, 15811, Indonesia",Dumpsites,-6.222967557457038,106.59477423864041
1835965223,Climate TRACE,"Barangay 93 Bagakay, Tacloban, Eastern Visayas, 6500, Philippines",Dumpsites,11.28150227130617,124.9572742367315
1835965364,Climate TRACE,Ridgeville Site I,Sanitary Landfills,43.873,-90.583
1835965229,Climate TRACE,"Narra Road, Summerfield, San Antonio Zone 3, San Pedro, Laguna, Calabarzon, 4023, Philippines",Dumpsites,14.346612391513752,121.02043358876885
1835965237,Climate TRACE,"Abagbo, Amuwo Odofin, Lagos, 71510, Nigeria",Dumpsites,6.409026510636926,3.380760108340163
1835965239,Climate TRACE,"Rua Aldebaran, Recantus, Belford Roxo, Região Geográfica Imediata Do Rio De Janeiro, Região Metropolitana Do Rio De Janeiro, Região Geográfica Intermediária Do Rio De Janeiro, Rio De Janeiro, Southeast Region, 26116-460, Brazil",Dumpsites,-22.71073210740045,-43.379930388129374
1835965240,Climate TRACE,"Hulimangala, Anekal, Bangalore Urban, Karnataka, 560100, India",Dumpsites,12.828813691544282,77.63883179741437
1835965381,Climate TRACE,Bedford County Slf,Sanitary Landfills,37.309723,-79.502778
1835965393,Climate TRACE,"Nusa Dua, Benoa, Kuta Selatan, Bali, 80363, Indonesia, Site 3",Dumpsites,-8.784937488129183,115.20648229132631
1835965397,Climate TRACE,"Rw 09, Kramat Pela, Kebayoran Baru, South Jakarta, Jakarta Special Capital Region, 12120, Indonesia",Dumpsites,-6.241616146611399,106.78527059110998
1835965259,Climate TRACE,"Salembaran, Tangerang Regency, Banten, 15510, Indonesia",Dumpsites,-6.060204053648874,106.68028960870004
1835965262,Climate TRACE,"Metland Puri, Petir, Cipondoh, Tangerang, Banten, 15000, Indonesia",Dumpsites,-6.194214359801224,106.71231686869314
1835965402,Climate TRACE,"Agbara, Ado Odo/Ota, Ogun, Nigeria",Dumpsites,6.501842109311608,3.10066771374381
1835965264,Climate TRACE,"Pasir Bolang, Tangerang Regency, Banten, 15610, Indonesia",Dumpsites,-6.216797735039162,106.47715670274144
1835965265,Climate TRACE,"Nusa Dua, Benoa, Kuta Selatan, Bali, 80363, Indonesia, Site 2",Dumpsites,-8.798023892188738,115.21323187676393
1835965413,Climate TRACE,"Naga, Camarines Sur, Bicol Region, 4400, Philippines",Dumpsites,13.633082232722806,123.22032402604128
1835965279,Climate TRACE,City Of Watsonville Landfill,Sanitary Landfills,36.914,-121.824
1835965297,Climate TRACE,"Bangkal, Baraka, Bulacan, Central Luzon, 3013, Philippines",Dumpsites,14.916148899405837,121.08773982254641
1835965299,Climate TRACE,"Tarkwa Bay, Amuwo Odofin, Lagos, 71510, Nigeria",Dumpsites,6.406222836614646,3.392517451014247
